Workbook

Sheet 職種別 (2種)
A1: 期間: 2025-12-01 ~ 2025-12-31
A2: 対象モジュール: カスタムメイドケアサポート、施設360
A3: 対象職種: ホーム長・副ホーム長・看護師・ケアマネ・ケアコン
A4: 2モジュール合計カウント点数化: 0-3count=0点、4-7count=1点、8count以上=2点
A5: # | B5: 本部 | C5: 施設名 | D5: 役職 | E5: 在籍 人数 | F5: カスタムメイドケアサポート | H5: 施設360 | J5: 2種 職種別合計 | K5: ホーム 合計点 | L5: 職種別 点数化 | M5: 職種別 点数化
F6: アクセス数 | G6: アクセス数 /人 | H6: アクセス数 | I6: アクセス数 /人
A7: 1 | B7: 東日本本部 | C7: そんぽの家 苗穂 | D7: ホーム長 | E7: 1 | F7: 12 | G7: 12 | H7: 0 | I7: 0 | J7: 12 | K7: =SUM(M7:M11) -> 6 | L7: 2 | M7: =L7 -> 2 | N7: 1110351100
A8: 2 | B8: =B7 -> 東日本本部 | C8: =C7 -> そんぽの家 苗穂 | D8: 副ホーム長 | E8: 2 | F8: 17 | G8: 8.5 | H8: 0 | I8: 0 | J8: 17 | K8: =K7 -> 6 | L8: 2 | M8: =L8 -> 2 | N8: 1110351100
A9: 3 | B9: =B8 -> 東日本本部 | C9: =C8 -> そんぽの家 苗穂 | D9: ケアマネジャー | E9: 2 | F9: 56 | G9: 28 | H9: 0 | I9: 0 | J9: 56 | K9: =K8 -> 6 | L9: 2 | M9: =L9 -> 2 | N9: 1110351100
A10: 4 | B10: =B9 -> 東日本本部 | C10: =C9 -> そんぽの家 苗穂 | D10: ナーススタッフ | E10: 3 | F10: 0 | G10: 0 | H10: 0 | I10: 0 | J10: 0 | K10: =K9 -> 6 | L10: 0 | M10: =L10 -> 0 | N10: 1110351100
A11: 5 | B11: =B10 -> 東日本本部 | C11: =C10 -> そんぽの家 苗穂 | D11: ケアコンダクター | E11: 1 | F11: 0 | G11: 0 | H11: 0 | I11: 0 | J11: 0 | K11: =K10 -> 6 | L11: 0 | M11: =L11 -> 0 | N11: 1110351100
A12: 6 | B12: 東日本本部 | C12: ラヴィーレ真駒内 | D12: ホーム長 | E12: 1 | F12: 9 | G12: 9 | H12: 0 | I12: 0 | J12: 9 | K12: =SUM(M12:M16) -> 6 | L12: 2 | M12: =L12 -> 2 | N12: 1118201100
A13: 7 | B13: =B12 -> 東日本本部 | C13: =C12 -> ラヴィーレ真駒内 | D13: 副ホーム長 | E13: 1 | F13: 10 | G13: 10 | H13: 1 | I13: 1 | J13: 11 | K13: =K12 -> 6 | L13: 2 | M13: =L13 -> 2 | N13: 1118201100
A14: 8 | B14: =B13 -> 東日本本部 | C14: =C13 -> ラヴィーレ真駒内 | D14: ケアマネジャー | E14: 1 | F14: 16 | G14: 16 | H14: 0 | I14: 0 | J14: 16 | K14: =K13 -> 6 | L14: 2 | M14: =L14 -> 2 | N14: 1118201100
A15: 9 | B15: =B14 -> 東日本本部 | C15: =C14 -> ラヴィーレ真駒内 | D15: ナーススタッフ | E15: 6 | F15: 0 | G15: 0 | H15: 0 | I15: 0 | J15: 0 | K15: =K14 -> 6 | L15: 0 | M15: =L15 -> 0 | N15: 1118201100
A16: 10 | B16: =B15 -> 東日本本部 | C16: =C15 -> ラヴィーレ真駒内 | D16: ケアコンダクター | E16: 1 | F16: 1 | G16: 1 | H16: 0 | I16: 0 | J16: 1 | K16: =K15 -> 6 | L16: 0 | M16: =L16 -> 0 | N16: 1118201100
A17: 11 | B17: 東日本本部 | C17: ラヴィーレ白石南郷 | D17: ホーム長 | E17: 1 | F17: 10 | G17: 10 | H17: 1 | I17: 1 | J17: 11 | K17: =SUM(M17:M21) -> 6 | L17: 2 | M17: =L17 -> 2 | N17: 1118211100
A18: 12 | B18: =B17 -> 東日本本部 | C18: =C17 -> ラヴィーレ白石南郷 | D18: 副ホーム長 | E18: 1 | F18: 0 | G18: 0 | H18: 0 | I18: 0 | J18: 0 | K18: =K17 -> 6 | L18: 0 | M18: =L18 -> 0 | N18: 1118211100
A19: 13 | B19: =B18 -> 東日本本部 | C19: =C18 -> ラヴィーレ白石南郷 | D19: ケアマネジャー | E19: 2 | F19: 39 | G19: 19.5 | H19: 0 | I19: 0 | J19: 39 | K19: =K18 -> 6 | L19: 2 | M19: =L19 -> 2 | N19: 1118211100
A20: 14 | B20: =B19 -> 東日本本部 | C20: =C19 -> ラヴィーレ白石南郷 | D20: ナーススタッフ | E20: 9 | F20: 0 | G20: 0 | H20: 0 | I20: 0 | J20: 0 | K20: =K19 -> 6 | L20: 0 | M20: =L20 -> 0 | N20: 1118211100
A21: 15 | B21: =B20 -> 東日本本部 | C21: =C20 -> ラヴィーレ白石南郷 | D21: ケアコンダクター | E21: 2 | F21: 27 | G21: 13.5 | H21: 0 | I21: 0 | J21: 27 | K21: =K20 -> 6 | L21: 2 | M21: =L21 -> 2 | N21: 1118211100
A22: 16 | B22: 東日本本部 | C22: そんぽの家 仙台岩切 | D22: ホーム長 | E22: 1 | F22: 10 | G22: 10 | H22: 2 | I22: 2 | J22: 12 | K22: =SUM(M22:M26) -> 6 | L22: 2 | M22: =L22 -> 2 | N22: 1410581100
A23: 17 | B23: =B22 -> 東日本本部 | C23: =C22 -> そんぽの家 仙台岩切 | D23: 副ホーム長 | E23: 1 | F23: 26 | G23: 26 | H23: 2 | I23: 2 | J23: 28 | K23: =K22 -> 6 | L23: 2 | M23: =L23 -> 2 | N23: 1410581100
A24: 18 | B24: =B23 -> 東日本本部 | C24: =C23 -> そんぽの家 仙台岩切 | D24: ケアマネジャー | E24: 1 | F24: 23 | G24: 23 | H24: 0 | I24: 0 | J24: 23 | K24: =K23 -> 6 | L24: 2 | M24: =L24 -> 2 | N24: 1410581100
A25: 19 | B25: =B24 -> 東日本本部 | C25: =C24 -> そんぽの家 仙台岩切 | D25: ナーススタッフ | E25: 3 | F25: 0 | G25: 0 | H25: 0 | I25: 0 | J25: 0 | K25: =K24 -> 6 | L25: 0 | M25: =L25 -> 0 | N25: 1410581100
A26: 20 | B26: =B25 -> 東日本本部 | C26: =C25 -> そんぽの家 仙台岩切 | D26: ケアコンダクター | E26: 1 | F26: 0 | G26: 0 | H26: 0 | I26: 0 | J26: 0 | K26: =K25 -> 6 | L26: 0 | M26: =L26 -> 0 | N26: 1410581100
A27: 21 | B27: 東日本本部 | C27: ラヴィーレ仙台東 | D27: ホーム長 | E27: 1 | F27: 1 | G27: 1 | H27: 1 | I27: 1 | J27: 2 | K27: =SUM(M27:M31) -> 4 | L27: 0 | M27: =L27 -> 0 | N27: 1418251100
A28: 22 | B28: =B27 -> 東日本本部 | C28: =C27 -> ラヴィーレ仙台東 | D28: 副ホーム長 | E28: 1 | F28: 5 | G28: 5 | H28: 4 | I28: 4 | J28: 9 | K28: =K27 -> 4 | L28: 2 | M28: =L28 -> 2 | N28: 1418251100
A29: 23 | B29: =B28 -> 東日本本部 | C29: =C28 -> ラヴィーレ仙台東 | D29: ケアマネジャー | E29: 2 | F29: 9 | G29: 4.5 | H29: 0 | I29: 0 | J29: 9 | K29: =K28 -> 4 | L29: 2 | M29: =L29 -> 2 | N29: 1418251100
A30: 24 | B30: =B29 -> 東日本本部 | C30: =C29 -> ラヴィーレ仙台東 | D30: ナーススタッフ | E30: 16 | F30: 2 | G30: 0.1 | H30: 0 | I30: 0 | J30: 2 | K30: =K29 -> 4 | L30: 0 | M30: =L30 -> 0 | N30: 1418251100
A31: 25 | B31: =B30 -> 東日本本部 | C31: =C30 -> ラヴィーレ仙台東 | D31: ケアコンダクター | E31: 4 | F31: 0 | G31: 0 | H31: 0 | I31: 0 | J31: 0 | K31: =K30 -> 4 | L31: 0 | M31: =L31 -> 0 | N31: 1418251100
A32: 26 | B32: 東日本本部 | C32: ラヴィーレ泉パークタウン朝日 | D32: ホーム長 | E32: 1 | F32: 5 | G32: 5 | H32: 3 | I32: 3 | J32: 8 | K32: =SUM(M32:M36) -> 10 | L32: 2 | M32: =L32 -> 2 | N32: 1418431100
A33: 27 | B33: =B32 -> 東日本本部 | C33: =C32 -> ラヴィーレ泉パークタウン朝日 | D33: 副ホーム長 | E33: 1 | F33: 26 | G33: 26 | H33: 3 | I33: 3 | J33: 29 | K33: =K32 -> 10 | L33: 2 | M33: =L33 -> 2 | N33: 1418431100
A34: 28 | B34: =B33 -> 東日本本部 | C34: =C33 -> ラヴィーレ泉パークタウン朝日 | D34: ケアマネジャー | E34: 1 | F34: 41 | G34: 41 | H34: 0 | I34: 0 | J34: 41 | K34: =K33 -> 10 | L34: 2 | M34: =L34 -> 2 | N34: 1418431100
A35: 29 | B35: =B34 -> 東日本本部 | C35: =C34 -> ラヴィーレ泉パークタウン朝日 | D35: ナーススタッフ | E35: 2 | F35: 9 | G35: 4.5 | H35: 0 | I35: 0 | J35: 9 | K35: =K34 -> 10 | L35: 2 | M35: =L35 -> 2 | N35: 1418431100
A36: 30 | B36: =B35 -> 東日本本部 | C36: =C35 -> ラヴィーレ泉パークタウン朝日 | D36: ケアコンダクター | E36: 1 | F36: 9 | G36: 9 | H36: 0 | I36: 0 | J36: 9 | K36: =K35 -> 10 | L36: 2 | M36: =L36 -> 2 | N36: 1418431100
A37: 31 | B37: 東京本部 | C37: そんぽの家 柴又 | D37: ホーム長 | E37: 1 | F37: 13 | G37: 13 | H37: 2 | I37: 2 | J37: 15 | K37: =SUM(M37:M41) -> 10 | L37: 2 | M37: =L37 -> 2 | N37: 2311161100
A38: 32 | B38: =B37 -> 東京本部 | C38: =C37 -> そんぽの家 柴又 | D38: 副ホーム長 | E38: 1 | F38: 18 | G38: 18 | H38: 16 | I38: 16 | J38: 34 | K38: =K37 -> 10 | L38: 2 | M38: =L38 -> 2 | N38: 2311161100
A39: 33 | B39: =B38 -> 東京本部 | C39: =C38 -> そんぽの家 柴又 | D39: ケアマネジャー | E39: 2 | F39: 68 | G39: 34 | H39: 0 | I39: 0 | J39: 68 | K39: =K38 -> 10 | L39: 2 | M39: =L39 -> 2 | N39: 2311161100
A40: 34 | B40: =B39 -> 東京本部 | C40: =C39 -> そんぽの家 柴又 | D40: ナーススタッフ | E40: 3 | F40: 8 | G40: 2.7 | H40: 0 | I40: 0 | J40: 8 | K40: =K39 -> 10 | L40: 2 | M40: =L40 -> 2 | N40: 2311161100
A41: 35 | B41: =B40 -> 東京本部 | C41: =C40 -> そんぽの家 柴又 | D41: ケアコンダクター | E41: 1 | F41: 24 | G41: 24 | H41: 0 | I41: 0 | J41: 24 | K41: =K40 -> 10 | L41: 2 | M41: =L41 -> 2 | N41: 2311161100
A42: 36 | B42: 東京本部 | C42: ラヴィーレ一之江 | D42: ホーム長 | E42: 1 | F42: 6 | G42: 6 | H42: 1 | I42: 1 | J42: 7 | K42: =SUM(M42:M46) -> 8 | L42: 1 | M42: =L42 -> 1 | N42: 2311181100
A43: 37 | B43: =B42 -> 東京本部 | C43: =C42 -> ラヴィーレ一之江 | D43: 副ホーム長 | E43: 1 | F43: 10 | G43: 10 | H43: 9 | I43: 9 | J43: 19 | K43: =K42 -> 8 | L43: 2 | M43: =L43 -> 2 | N43: 2311181100
A44: 38 | B44: =B43 -> 東京本部 | C44: =C43 -> ラヴィーレ一之江 | D44: ケアマネジャー | E44: 2 | F44: 15 | G44: 7.5 | H44: 0 | I44: 0 | J44: 15 | K44: =K43 -> 8 | L44: 2 | M44: =L44 -> 2 | N44: 2311181100
A45: 39 | B45: =B44 -> 東京本部 | C45: =C44 -> ラヴィーレ一之江 | D45: ナーススタッフ | E45: 3 | F45: 62 | G45: 20.7 | H45: 0 | I45: 0 | J45: 62 | K45: =K44 -> 8 | L45: 2 | M45: =L45 -> 2 | N45: 2311181100
A46: 40 | B46: =B45 -> 東京本部 | C46: =C45 -> ラヴィーレ一之江 | D46: ケアコンダクター | E46: 2 | F46: 6 | G46: 3 | H46: 0 | I46: 0 | J46: 6 | K46: =K45 -> 8 | L46: 1 | M46: =L46 -> 1 | N46: 2311181100
A47: 41 | B47: 東京本部 | C47: ラヴィーレ船堀 | D47: ホーム長 | E47: 1 | F47: 6 | G47: 6 | H47: 0 | I47: 0 | J47: 6 | K47: =SUM(M47:M51) -> 7 | L47: 1 | M47: =L47 -> 1 | N47: 2311201100
A48: 42 | B48: =B47 -> 東京本部 | C48: =C47 -> ラヴィーレ船堀 | D48: 副ホーム長 | E48: 2 | F48: 4 | G48: 2 | H48: 0 | I48: 0 | J48: 4 | K48: =K47 -> 7 | L48: 1 | M48: =L48 -> 1 | N48: 2311201100
A49: 43 | B49: =B48 -> 東京本部 | C49: =C48 -> ラヴィーレ船堀 | D49: ケアマネジャー | E49: 3 | F49: 23 | G49: 7.7 | H49: 0 | I49: 0 | J49: 23 | K49: =K48 -> 7 | L49: 2 | M49: =L49 -> 2 | N49: 2311201100
A50: 44 | B50: =B49 -> 東京本部 | C50: =C49 -> ラヴィーレ船堀 | D50: ナーススタッフ | E50: 4 | F50: 4 | G50: 1 | H50: 0 | I50: 0 | J50: 4 | K50: =K49 -> 7 | L50: 1 | M50: =L50 -> 1 | N50: 2311201100
A51: 45 | B51: =B50 -> 東京本部 | C51: =C50 -> ラヴィーレ船堀 | D51: ケアコンダクター | E51: 2 | F51: 24 | G51: 12 | H51: 0 | I51: 0 | J51: 24 | K51: =K50 -> 7 | L51: 2 | M51: =L51 -> 2 | N51: 2311201100
A52: 46 | B52: 東京本部 | C52: そんぽの家 葛西 | D52: ホーム長 | E52: 1 | F52: 8 | G52: 8 | H52: 6 | I52: 6 | J52: 14 | K52: =SUM(M52:M56) -> 4 | L52: 2 | M52: =L52 -> 2 | N52: 2311221100
A53: 47 | B53: =B52 -> 東京本部 | C53: =C52 -> そんぽの家 葛西 | D53: 副ホーム長 | E53: 1 | F53: 0 | G53: 0 | H53: 0 | I53: 0 | J53: 0 | K53: =K52 -> 4 | L53: 0 | M53: =L53 -> 0 | N53: 2311221100
A54: 48 | B54: =B53 -> 東京本部 | C54: =C53 -> そんぽの家 葛西 | D54: ケアマネジャー | E54: 1 | F54: 10 | G54: 10 | H54: 0 | I54: 0 | J54: 10 | K54: =K53 -> 4 | L54: 2 | M54: =L54 -> 2 | N54: 2311221100
A55: 49 | B55: =B54 -> 東京本部 | C55: =C54 -> そんぽの家 葛西 | D55: ナーススタッフ | E55: 3 | F55: 0 | G55: 0 | H55: 0 | I55: 0 | J55: 0 | K55: =K54 -> 4 | L55: 0 | M55: =L55 -> 0 | N55: 2311221100
A56: 50 | B56: =B55 -> 東京本部 | C56: =C55 -> そんぽの家 葛西 | D56: ケアコンダクター | E56: 1 | F56: 0 | G56: 0 | H56: 0 | I56: 0 | J56: 0 | K56: =K55 -> 4 | L56: 0 | M56: =L56 -> 0 | N56: 2311221100
A57: 51 | B57: 東京本部 | C57: そんぽの家 錦糸町 | D57: ホーム長 | E57: 1 | F57: 6 | G57: 6 | H57: 0 | I57: 0 | J57: 6 | K57: =SUM(M57:M61) -> 5 | L57: 1 | M57: =L57 -> 1 | N57: 2311231100
A58: 52 | B58: =B57 -> 東京本部 | C58: =C57 -> そんぽの家 錦糸町 | D58: 副ホーム長 | E58: 1 | F58: 0 | G58: 0 | H58: 0 | I58: 0 | J58: 0 | K58: =K57 -> 5 | L58: 0 | M58: =L58 -> 0 | N58: 2311231100
A59: 53 | B59: =B58 -> 東京本部 | C59: =C58 -> そんぽの家 錦糸町 | D59: ケアマネジャー | E59: 2 | F59: 15 | G59: 7.5 | H59: 0 | I59: 0 | J59: 15 | K59: =K58 -> 5 | L59: 2 | M59: =L59 -> 2 | N59: 2311231100
A60: 54 | B60: =B59 -> 東京本部 | C60: =C59 -> そんぽの家 錦糸町 | D60: ナーススタッフ | E60: 3 | F60: 0 | G60: 0 | H60: 0 | I60: 0 | J60: 0 | K60: =K59 -> 5 | L60: 0 | M60: =L60 -> 0 | N60: 2311231100
A61: 55 | B61: =B60 -> 東京本部 | C61: =C60 -> そんぽの家 錦糸町 | D61: ケアコンダクター | E61: 2 | F61: 19 | G61: 9.5 | H61: 0 | I61: 0 | J61: 19 | K61: =K60 -> 5 | L61: 2 | M61: =L61 -> 2 | N61: 2311231100
A62: 56 | B62: 東京本部 | C62: そんぽの家 東砂 | D62: ホーム長 | E62: 1 | F62: 0 | G62: 0 | H62: 0 | I62: 0 | J62: 0 | K62: =SUM(M62:M66) -> 3 | L62: 0 | M62: =L62 -> 0 | N62: 2311281100
A63: 57 | B63: =B62 -> 東京本部 | C63: =C62 -> そんぽの家 東砂 | D63: 副ホーム長 | E63: 1 | F63: 1 | G63: 1 | H63: 1 | I63: 1 | J63: 2 | K63: =K62 -> 3 | L63: 0 | M63: =L63 -> 0 | N63: 2311281100
A64: 58 | B64: =B63 -> 東京本部 | C64: =C63 -> そんぽの家 東砂 | D64: ケアマネジャー | E64: 1 | F64: 15 | G64: 15 | H64: 0 | I64: 0 | J64: 15 | K64: =K63 -> 3 | L64: 2 | M64: =L64 -> 2 | N64: 2311281100
A65: 59 | B65: =B64 -> 東京本部 | C65: =C64 -> そんぽの家 東砂 | D65: ナーススタッフ | E65: 3 | F65: 3 | G65: 1 | H65: 0 | I65: 0 | J65: 3 | K65: =K64 -> 3 | L65: 0 | M65: =L65 -> 0 | N65: 2311281100
A66: 60 | B66: =B65 -> 東京本部 | C66: =C65 -> そんぽの家 東砂 | D66: ケアコンダクター | E66: 1 | F66: 4 | G66: 4 | H66: 0 | I66: 0 | J66: 4 | K66: =K65 -> 3 | L66: 1 | M66: =L66 -> 1 | N66: 2311281100
A67: 61 | B67: 東京本部 | C67: そんぽの家 竹ノ塚サンフラワー | D67: ホーム長 | E67: 1 | F67: 7 | G67: 7 | H67: 4 | I67: 4 | J67: 11 | K67: =SUM(M67:M71) -> 4 | L67: 2 | M67: =L67 -> 2 | N67: 2311361100
A68: 62 | B68: =B67 -> 東京本部 | C68: =C67 -> そんぽの家 竹ノ塚サンフラワー | D68: 副ホーム長 | E68: 1 | F68: 1 | G68: 1 | H68: 1 | I68: 1 | J68: 2 | K68: =K67 -> 4 | L68: 0 | M68: =L68 -> 0 | N68: 2311361100
A69: 63 | B69: =B68 -> 東京本部 | C69: =C68 -> そんぽの家 竹ノ塚サンフラワー | D69: ケアマネジャー | E69: 2 | F69: 8 | G69: 4 | H69: 0 | I69: 0 | J69: 8 | K69: =K68 -> 4 | L69: 2 | M69: =L69 -> 2 | N69: 2311361100
A70: 64 | B70: =B69 -> 東京本部 | C70: =C69 -> そんぽの家 竹ノ塚サンフラワー | D70: ナーススタッフ | E70: 2 | F70: 1 | G70: 0.5 | H70: 0 | I70: 0 | J70: 1 | K70: =K69 -> 4 | L70: 0 | M70: =L70 -> 0 | N70: 2311361100
A71: 65 | B71: =B70 -> 東京本部 | C71: =C70 -> そんぽの家 竹ノ塚サンフラワー | D71: ケアコンダクター | E71: 1 | F71: 2 | G71: 2 | H71: 0 | I71: 0 | J71: 2 | K71: =K70 -> 4 | L71: 0 | M71: =L71 -> 0 | N71: 2311361100
A72: 66 | B72: 東京本部 | C72: ラヴィーレ錦糸町 | D72: ホーム長 | E72: 1 | F72: 5 | G72: 5 | H72: 5 | I72: 5 | J72: 10 | K72: =SUM(M72:M76) -> 8 | L72: 2 | M72: =L72 -> 2 | N72: 2311431100
A73: 67 | B73: =B72 -> 東京本部 | C73: =C72 -> ラヴィーレ錦糸町 | D73: 副ホーム長 | E73: 1 | F73: 9 | G73: 9 | H73: 9 | I73: 9 | J73: 18 | K73: =K72 -> 8 | L73: 2 | M73: =L73 -> 2 | N73: 2311431100
A74: 68 | B74: =B73 -> 東京本部 | C74: =C73 -> ラヴィーレ錦糸町 | D74: ケアマネジャー | E74: 2 | F74: 23 | G74: 11.5 | H74: 0 | I74: 0 | J74: 23 | K74: =K73 -> 8 | L74: 2 | M74: =L74 -> 2 | N74: 2311431100
A75: 69 | B75: =B74 -> 東京本部 | C75: =C74 -> ラヴィーレ錦糸町 | D75: ナーススタッフ | E75: 11 | F75: 0 | G75: 0 | H75: 0 | I75: 0 | J75: 0 | K75: =K74 -> 8 | L75: 0 | M75: =L75 -> 0 | N75: 2311431100
A76: 70 | B76: =B75 -> 東京本部 | C76: =C75 -> ラヴィーレ錦糸町 | D76: ケアコンダクター | E76: 1 | F76: 13 | G76: 13 | H76: 0 | I76: 0 | J76: 13 | K76: =K75 -> 8 | L76: 2 | M76: =L76 -> 2 | N76: 2311431100
A77: 71 | B77: 東京本部 | C77: そんぽの家 隅田公園 | D77: ホーム長 | E77: 1 | F77: 3 | G77: 3 | H77: 0 | I77: 0 | J77: 3 | K77: =SUM(M77:M81) -> 5 | L77: 0 | M77: =L77 -> 0 | N77: 2311491100
A78: 72 | B78: =B77 -> 東京本部 | C78: =C77 -> そんぽの家 隅田公園 | D78: 副ホーム長 | E78: 3 | F78: 5 | G78: 1.7 | H78: 0 | I78: 0 | J78: 5 | K78: =K77 -> 5 | L78: 1 | M78: =L78 -> 1 | N78: 2311491100
A79: 73 | B79: =B78 -> 東京本部 | C79: =C78 -> そんぽの家 隅田公園 | D79: ケアマネジャー | E79: 3 | F79: 10 | G79: 3.3 | H79: 0 | I79: 0 | J79: 10 | K79: =K78 -> 5 | L79: 2 | M79: =L79 -> 2 | N79: 2311491100
A80: 74 | B80: =B79 -> 東京本部 | C80: =C79 -> そんぽの家 隅田公園 | D80: ナーススタッフ | E80: 5 | F80: 0 | G80: 0 | H80: 0 | I80: 0 | J80: 0 | K80: =K79 -> 5 | L80: 0 | M80: =L80 -> 0 | N80: 2311491100
A81: 75 | B81: =B80 -> 東京本部 | C81: =C80 -> そんぽの家 隅田公園 | D81: ケアコンダクター | E81: 4 | F81: 21 | G81: 5.3 | H81: 0 | I81: 0 | J81: 21 | K81: =K80 -> 5 | L81: 2 | M81: =L81 -> 2 | N81: 2311491100
A82: 76 | B82: 東京本部 | C82: ラヴィーレ羽田 | D82: ホーム長 | E82: 1 | F82: 0 | G82: 0 | H82: 0 | I82: 0 | J82: 0 | K82: =SUM(M82:M86) -> 6 | L82: 0 | M82: =L82 -> 0 | N82: 2311531100
A83: 77 | B83: =B82 -> 東京本部 | C83: =C82 -> ラヴィーレ羽田 | D83: 副ホーム長 | E83: 2 | F83: 21 | G83: 10.5 | H83: 0 | I83: 0 | J83: 21 | K83: =K82 -> 6 | L83: 2 | M83: =L83 -> 2 | N83: 2311531100
A84: 78 | B84: =B83 -> 東京本部 | C84: =C83 -> ラヴィーレ羽田 | D84: ケアマネジャー | E84: 2 | F84: 38 | G84: 19 | H84: 0 | I84: 0 | J84: 38 | K84: =K83 -> 6 | L84: 2 | M84: =L84 -> 2 | N84: 2311531100
A85: 79 | B85: =B84 -> 東京本部 | C85: =C84 -> ラヴィーレ羽田 | D85: ナーススタッフ | E85: 5 | F85: 0 | G85: 0 | H85: 0 | I85: 0 | J85: 0 | K85: =K84 -> 6 | L85: 0 | M85: =L85 -> 0 | N85: 2311531100
A86: 80 | B86: =B85 -> 東京本部 | C86: =C85 -> ラヴィーレ羽田 | D86: ケアコンダクター | E86: 2 | F86: 11 | G86: 5.5 | H86: 0 | I86: 0 | J86: 11 | K86: =K85 -> 6 | L86: 2 | M86: =L86 -> 2 | N86: 2311531100
A87: 81 | B87: 東京本部 | C87: そんぽの家 大鳥居 | D87: ホーム長 | E87: 1 | F87: 3 | G87: 3 | H87: 1 | I87: 1 | J87: 4 | K87: =SUM(M87:M91) -> 1 | L87: 1 | M87: =L87 -> 1 | N87: 2311551100
A88: 82 | B88: =B87 -> 東京本部 | C88: =C87 -> そんぽの家 大鳥居 | D88: 副ホーム長 | E88: 1 | F88: 3 | G88: 3 | H88: 0 | I88: 0 | J88: 3 | K88: =K87 -> 1 | L88: 0 | M88: =L88 -> 0 | N88: 2311551100
A89: 83 | B89: =B88 -> 東京本部 | C89: =C88 -> そんぽの家 大鳥居 | D89: ケアマネジャー | E89: 1 | F89: 0 | G89: 0 | H89: 0 | I89: 0 | J89: 0 | K89: =K88 -> 1 | L89: 0 | M89: =L89 -> 0 | N89: 2311551100
A90: 84 | B90: =B89 -> 東京本部 | C90: =C89 -> そんぽの家 大鳥居 | D90: ナーススタッフ | E90: 4 | F90: 0 | G90: 0 | H90: 0 | I90: 0 | J90: 0 | K90: =K89 -> 1 | L90: 0 | M90: =L90 -> 0 | N90: 2311551100
A91: 85 | B91: =B90 -> 東京本部 | C91: =C90 -> そんぽの家 大鳥居 | D91: ケアコンダクター | E91: 2 | F91: 0 | G91: 0 | H91: 0 | I91: 0 | J91: 0 | K91: =K90 -> 1 | L91: 0 | M91: =L91 -> 0 | N91: 2311551100
A92: 86 | B92: 東京本部 | C92: そんぽの家 東六郷 | D92: ホーム長 | E92: 1 | F92: 4 | G92: 4 | H92: 3 | I92: 3 | J92: 7 | K92: =SUM(M92:M96) -> 4 | L92: 1 | M92: =L92 -> 1 | N92: 2311661100
A93: 87 | B93: =B92 -> 東京本部 | C93: =C92 -> そんぽの家 東六郷 | D93: 副ホーム長 | E93: 1 | F93: 1 | G93: 1 | H93: 0 | I93: 0 | J93: 1 | K93: =K92 -> 4 | L93: 0 | M93: =L93 -> 0 | N93: 2311661100
A94: 88 | B94: =B93 -> 東京本部 | C94: =C93 -> そんぽの家 東六郷 | D94: ケアマネジャー | E94: 1 | F94: 18 | G94: 18 | H94: 0 | I94: 0 | J94: 18 | K94: =K93 -> 4 | L94: 2 | M94: =L94 -> 2 | N94: 2311661100
A95: 89 | B95: =B94 -> 東京本部 | C95: =C94 -> そんぽの家 東六郷 | D95: ナーススタッフ | E95: 3 | F95: 5 | G95: 1.7 | H95: 0 | I95: 0 | J95: 5 | K95: =K94 -> 4 | L95: 1 | M95: =L95 -> 1 | N95: 2311661100
A96: 90 | B96: =B95 -> 東京本部 | C96: =C95 -> そんぽの家 東六郷 | D96: ケアコンダクター | E96: 1 | F96: 0 | G96: 0 | H96: 0 | I96: 0 | J96: 0 | K96: =K95 -> 4 | L96: 0 | M96: =L96 -> 0 | N96: 2311661100
A97: 91 | B97: 東京本部 | C97: ラヴィーレ多摩川 | D97: ホーム長 | E97: 1 | F97: 2 | G97: 2 | H97: 0 | I97: 0 | J97: 2 | K97: =SUM(M97:M101) -> 6 | L97: 0 | M97: =L97 -> 0 | N97: 2311691100
A98: 92 | B98: =B97 -> 東京本部 | C98: =C97 -> ラヴィーレ多摩川 | D98: 副ホーム長 | E98: 2 | F98: 10 | G98: 5 | H98: 0 | I98: 0 | J98: 10 | K98: =K97 -> 6 | L98: 2 | M98: =L98 -> 2 | N98: 2311691100
A99: 93 | B99: =B98 -> 東京本部 | C99: =C98 -> ラヴィーレ多摩川 | D99: ケアマネジャー | E99: 2 | F99: 62 | G99: 31 | H99: 0 | I99: 0 | J99: 62 | K99: =K98 -> 6 | L99: 2 | M99: =L99 -> 2 | N99: 2311691100
A100: 94 | B100: =B99 -> 東京本部 | C100: =C99 -> ラヴィーレ多摩川 | D100: ナーススタッフ | E100: 5 | F100: 62 | G100: 12.4 | H100: 0 | I100: 0 | J100: 62 | K100: =K99 -> 6 | L100: 2 | M100: =L100 -> 2 | N100: 2311691100
...

Sheet 職種別 (NC)
A1: 期間: 2025-12-01 ~ 2025-12-31
A2: 対象モジュール: NCコールモニター
A3: 対象職種: ホーム長・副ホーム長・看護師・ケアマネ・ケアコン
A4: 合計カウント点数化: 0-5count=0点、6-10count=1点、11-15count＝2点、16count以上=3点 ※ナースコールの点数化は職種全体の合計点で評価します。
A5: # | B5: 本部 | C5: 施設名 | D5: 役職 | E5: 在籍 人数 | F5: NCコールモニター | H5: 職種別合計 | I5: ホーム 点数化 | J5: 職種別 点数化 | K5: 総計 アクセス数
F6: アクセス数 | G6: アクセス数 /人
A7: 1 | B7: 東日本本部 | C7: そんぽの家 苗穂 | D7: ホーム長 | E7: 1 | F7: 1 | G7: 1 | H7: =F7 -> 1 | I7: {=IF(J7="-","-",_xlfn.IFS(K7<=5,0,K7<=10,1,K7<=15,2,K7>=16,3))} -> 0 | J7: {=IFERROR(IF(_xlfn.XLOOKUP(L7,NC導入施設!B:B,NC導入施設!E:E)=0,_xlfn.IFS(H7<=5,0,H7<=10,1,H7<=15,2,H7>=16,3),"Null"),"-")} -> 0 | K7: =IFERROR(SUM(H7:H11),"-") -> 2 | L7: 1110351100
A8: 2 | B8: =B7 -> 東日本本部 | C8: =C7 -> そんぽの家 苗穂 | D8: 副ホーム長 | E8: 2 | F8: 0 | G8: 0 | H8: =F8 -> 0 | J8: {=IFERROR(IF(_xlfn.XLOOKUP(L8,NC導入施設!B:B,NC導入施設!E:E)=0,_xlfn.IFS(H8<=5,0,H8<=10,1,H8<=15,2,H8>=16,3),"Null"),"-")} -> 0 | L8: 1110351100
A9: 3 | B9: =B8 -> 東日本本部 | C9: =C8 -> そんぽの家 苗穂 | D9: ケアマネジャー | E9: 2 | F9: 1 | G9: 0.5 | H9: =F9 -> 1 | J9: {=IFERROR(IF(_xlfn.XLOOKUP(L9,NC導入施設!B:B,NC導入施設!E:E)=0,_xlfn.IFS(H9<=5,0,H9<=10,1,H9<=15,2,H9>=16,3),"Null"),"-")} -> 0 | L9: 1110351100
A10: 4 | B10: =B9 -> 東日本本部 | C10: =C9 -> そんぽの家 苗穂 | D10: ナーススタッフ | E10: 3 | F10: 0 | G10: 0 | H10: =F10 -> 0 | J10: {=IFERROR(IF(_xlfn.XLOOKUP(L10,NC導入施設!B:B,NC導入施設!E:E)=0,_xlfn.IFS(H10<=5,0,H10<=10,1,H10<=15,2,H10>=16,3),"Null"),"-")} -> 0 | L10: 1110351100
A11: 5 | B11: =B10 -> 東日本本部 | C11: =C10 -> そんぽの家 苗穂 | D11: ケアコンダクター | E11: 1 | F11: 0 | G11: 0 | H11: =F11 -> 0 | J11: {=IFERROR(IF(_xlfn.XLOOKUP(L11,NC導入施設!B:B,NC導入施設!E:E)=0,_xlfn.IFS(H11<=5,0,H11<=10,1,H11<=15,2,H11>=16,3),"Null"),"-")} -> 0 | L11: 1110351100
A12: 6 | B12: 東日本本部 | C12: ラヴィーレ真駒内 | D12: ホーム長 | E12: 1 | F12: 0 | G12: 0 | H12: =F12 -> 0 | I12: {=IF(J12="-","-",_xlfn.IFS(K12<=5,0,K12<=10,1,K12<=15,2,K12>=16,3))} -> - | J12: {=IFERROR(IF(_xlfn.XLOOKUP(L12,NC導入施設!B:B,NC導入施設!E:E)=0,_xlfn.IFS(H12<=5,0,H12<=10,1,H12<=15,2,H12>=16,3),"Null"),"-")} -> - | K12: =IFERROR(SUM(H12:H16),"-") -> 1 | L12: 1118201100
A13: 7 | B13: =B12 -> 東日本本部 | C13: =C12 -> ラヴィーレ真駒内 | D13: 副ホーム長 | E13: 1 | F13: 1 | G13: 1 | H13: =F13 -> 1 | J13: {=IFERROR(IF(_xlfn.XLOOKUP(L13,NC導入施設!B:B,NC導入施設!E:E)=0,_xlfn.IFS(H13<=5,0,H13<=10,1,H13<=15,2,H13>=16,3),"Null"),"-")} -> - | L13: 1118201100
A14: 8 | B14: =B13 -> 東日本本部 | C14: =C13 -> ラヴィーレ真駒内 | D14: ケアマネジャー | E14: 1 | F14: 0 | G14: 0 | H14: =F14 -> 0 | J14: {=IFERROR(IF(_xlfn.XLOOKUP(L14,NC導入施設!B:B,NC導入施設!E:E)=0,_xlfn.IFS(H14<=5,0,H14<=10,1,H14<=15,2,H14>=16,3),"Null"),"-")} -> - | L14: 1118201100
A15: 9 | B15: =B14 -> 東日本本部 | C15: =C14 -> ラヴィーレ真駒内 | D15: ナーススタッフ | E15: 6 | F15: 0 | G15: 0 | H15: =F15 -> 0 | J15: {=IFERROR(IF(_xlfn.XLOOKUP(L15,NC導入施設!B:B,NC導入施設!E:E)=0,_xlfn.IFS(H15<=5,0,H15<=10,1,H15<=15,2,H15>=16,3),"Null"),"-")} -> - | L15: 1118201100
A16: 10 | B16: =B15 -> 東日本本部 | C16: =C15 -> ラヴィーレ真駒内 | D16: ケアコンダクター | E16: 1 | F16: 0 | G16: 0 | H16: =F16 -> 0 | J16: {=IFERROR(IF(_xlfn.XLOOKUP(L16,NC導入施設!B:B,NC導入施設!E:E)=0,_xlfn.IFS(H16<=5,0,H16<=10,1,H16<=15,2,H16>=16,3),"Null"),"-")} -> - | L16: 1118201100
A17: 11 | B17: 東日本本部 | C17: ラヴィーレ白石南郷 | D17: ホーム長 | E17: 1 | F17: 0 | G17: 0 | H17: =F17 -> 0 | I17: {=IF(J17="-","-",_xlfn.IFS(K17<=5,0,K17<=10,1,K17<=15,2,K17>=16,3))} -> - | J17: {=IFERROR(IF(_xlfn.XLOOKUP(L17,NC導入施設!B:B,NC導入施設!E:E)=0,_xlfn.IFS(H17<=5,0,H17<=10,1,H17<=15,2,H17>=16,3),"Null"),"-")} -> - | K17: =IFERROR(SUM(H17:H21),"-") -> 2 | L17: 1118211100
A18: 12 | B18: =B17 -> 東日本本部 | C18: =C17 -> ラヴィーレ白石南郷 | D18: 副ホーム長 | E18: 1 | F18: 0 | G18: 0 | H18: =F18 -> 0 | J18: {=IFERROR(IF(_xlfn.XLOOKUP(L18,NC導入施設!B:B,NC導入施設!E:E)=0,_xlfn.IFS(H18<=5,0,H18<=10,1,H18<=15,2,H18>=16,3),"Null"),"-")} -> - | L18: 1118211100
A19: 13 | B19: =B18 -> 東日本本部 | C19: =C18 -> ラヴィーレ白石南郷 | D19: ケアマネジャー | E19: 2 | F19: 1 | G19: 0.5 | H19: =F19 -> 1 | J19: {=IFERROR(IF(_xlfn.XLOOKUP(L19,NC導入施設!B:B,NC導入施設!E:E)=0,_xlfn.IFS(H19<=5,0,H19<=10,1,H19<=15,2,H19>=16,3),"Null"),"-")} -> - | L19: 1118211100
A20: 14 | B20: =B19 -> 東日本本部 | C20: =C19 -> ラヴィーレ白石南郷 | D20: ナーススタッフ | E20: 9 | F20: 0 | G20: 0 | H20: =F20 -> 0 | J20: {=IFERROR(IF(_xlfn.XLOOKUP(L20,NC導入施設!B:B,NC導入施設!E:E)=0,_xlfn.IFS(H20<=5,0,H20<=10,1,H20<=15,2,H20>=16,3),"Null"),"-")} -> - | L20: 1118211100
A21: 15 | B21: =B20 -> 東日本本部 | C21: =C20 -> ラヴィーレ白石南郷 | D21: ケアコンダクター | E21: 2 | F21: 1 | G21: 0.5 | H21: =F21 -> 1 | J21: {=IFERROR(IF(_xlfn.XLOOKUP(L21,NC導入施設!B:B,NC導入施設!E:E)=0,_xlfn.IFS(H21<=5,0,H21<=10,1,H21<=15,2,H21>=16,3),"Null"),"-")} -> - | L21: 1118211100
A22: 16 | B22: 東日本本部 | C22: そんぽの家 仙台岩切 | D22: ホーム長 | E22: 1 | F22: 12 | G22: 12 | H22: =F22 -> 12 | I22: {=IF(J22="-","-",_xlfn.IFS(K22<=5,0,K22<=10,1,K22<=15,2,K22>=16,3))} -> 3 | J22: {=IFERROR(IF(_xlfn.XLOOKUP(L22,NC導入施設!B:B,NC導入施設!E:E)=0,_xlfn.IFS(H22<=5,0,H22<=10,1,H22<=15,2,H22>=16,3),"Null"),"-")} -> 2 | K22: =IFERROR(SUM(H22:H26),"-") -> 31 | L22: 1410581100
A23: 17 | B23: =B22 -> 東日本本部 | C23: =C22 -> そんぽの家 仙台岩切 | D23: 副ホーム長 | E23: 1 | F23: 4 | G23: 4 | H23: =F23 -> 4 | J23: {=IFERROR(IF(_xlfn.XLOOKUP(L23,NC導入施設!B:B,NC導入施設!E:E)=0,_xlfn.IFS(H23<=5,0,H23<=10,1,H23<=15,2,H23>=16,3),"Null"),"-")} -> 0 | L23: 1410581100
A24: 18 | B24: =B23 -> 東日本本部 | C24: =C23 -> そんぽの家 仙台岩切 | D24: ケアマネジャー | E24: 1 | F24: 15 | G24: 15 | H24: =F24 -> 15 | J24: {=IFERROR(IF(_xlfn.XLOOKUP(L24,NC導入施設!B:B,NC導入施設!E:E)=0,_xlfn.IFS(H24<=5,0,H24<=10,1,H24<=15,2,H24>=16,3),"Null"),"-")} -> 2 | L24: 1410581100
A25: 19 | B25: =B24 -> 東日本本部 | C25: =C24 -> そんぽの家 仙台岩切 | D25: ナーススタッフ | E25: 3 | F25: 0 | G25: 0 | H25: =F25 -> 0 | J25: {=IFERROR(IF(_xlfn.XLOOKUP(L25,NC導入施設!B:B,NC導入施設!E:E)=0,_xlfn.IFS(H25<=5,0,H25<=10,1,H25<=15,2,H25>=16,3),"Null"),"-")} -> 0 | L25: 1410581100
A26: 20 | B26: =B25 -> 東日本本部 | C26: =C25 -> そんぽの家 仙台岩切 | D26: ケアコンダクター | E26: 1 | F26: 0 | G26: 0 | H26: =F26 -> 0 | J26: {=IFERROR(IF(_xlfn.XLOOKUP(L26,NC導入施設!B:B,NC導入施設!E:E)=0,_xlfn.IFS(H26<=5,0,H26<=10,1,H26<=15,2,H26>=16,3),"Null"),"-")} -> 0 | L26: 1410581100
A27: 21 | B27: 東日本本部 | C27: ラヴィーレ仙台東 | D27: ホーム長 | E27: 1 | F27: 0 | G27: 0 | H27: =F27 -> 0 | I27: {=IF(J27="-","-",_xlfn.IFS(K27<=5,0,K27<=10,1,K27<=15,2,K27>=16,3))} -> - | J27: {=IFERROR(IF(_xlfn.XLOOKUP(L27,NC導入施設!B:B,NC導入施設!E:E)=0,_xlfn.IFS(H27<=5,0,H27<=10,1,H27<=15,2,H27>=16,3),"Null"),"-")} -> - | K27: =IFERROR(SUM(H27:H31),"-") -> 7 | L27: 1418251100
A28: 22 | B28: =B27 -> 東日本本部 | C28: =C27 -> ラヴィーレ仙台東 | D28: 副ホーム長 | E28: 1 | F28: 4 | G28: 4 | H28: =F28 -> 4 | J28: {=IFERROR(IF(_xlfn.XLOOKUP(L28,NC導入施設!B:B,NC導入施設!E:E)=0,_xlfn.IFS(H28<=5,0,H28<=10,1,H28<=15,2,H28>=16,3),"Null"),"-")} -> - | L28: 1418251100
A29: 23 | B29: =B28 -> 東日本本部 | C29: =C28 -> ラヴィーレ仙台東 | D29: ケアマネジャー | E29: 2 | F29: 3 | G29: 1.5 | H29: =F29 -> 3 | J29: {=IFERROR(IF(_xlfn.XLOOKUP(L29,NC導入施設!B:B,NC導入施設!E:E)=0,_xlfn.IFS(H29<=5,0,H29<=10,1,H29<=15,2,H29>=16,3),"Null"),"-")} -> - | L29: 1418251100
A30: 24 | B30: =B29 -> 東日本本部 | C30: =C29 -> ラヴィーレ仙台東 | D30: ナーススタッフ | E30: 16 | F30: 0 | G30: 0 | H30: =F30 -> 0 | J30: {=IFERROR(IF(_xlfn.XLOOKUP(L30,NC導入施設!B:B,NC導入施設!E:E)=0,_xlfn.IFS(H30<=5,0,H30<=10,1,H30<=15,2,H30>=16,3),"Null"),"-")} -> - | L30: 1418251100
A31: 25 | B31: =B30 -> 東日本本部 | C31: =C30 -> ラヴィーレ仙台東 | D31: ケアコンダクター | E31: 4 | F31: 0 | G31: 0 | H31: =F31 -> 0 | J31: {=IFERROR(IF(_xlfn.XLOOKUP(L31,NC導入施設!B:B,NC導入施設!E:E)=0,_xlfn.IFS(H31<=5,0,H31<=10,1,H31<=15,2,H31>=16,3),"Null"),"-")} -> - | L31: 1418251100
A32: 26 | B32: 東日本本部 | C32: ラヴィーレ泉パークタウン朝日 | D32: ホーム長 | E32: 1 | F32: 3 | G32: 3 | H32: =F32 -> 3 | I32: {=IF(J32="-","-",_xlfn.IFS(K32<=5,0,K32<=10,1,K32<=15,2,K32>=16,3))} -> 3 | J32: {=IFERROR(IF(_xlfn.XLOOKUP(L32,NC導入施設!B:B,NC導入施設!E:E)=0,_xlfn.IFS(H32<=5,0,H32<=10,1,H32<=15,2,H32>=16,3),"Null"),"-")} -> 0 | K32: =IFERROR(SUM(H32:H36),"-") -> 31 | L32: 1418431100
A33: 27 | B33: =B32 -> 東日本本部 | C33: =C32 -> ラヴィーレ泉パークタウン朝日 | D33: 副ホーム長 | E33: 1 | F33: 25 | G33: 25 | H33: =F33 -> 25 | J33: {=IFERROR(IF(_xlfn.XLOOKUP(L33,NC導入施設!B:B,NC導入施設!E:E)=0,_xlfn.IFS(H33<=5,0,H33<=10,1,H33<=15,2,H33>=16,3),"Null"),"-")} -> 3 | L33: 1418431100
A34: 28 | B34: =B33 -> 東日本本部 | C34: =C33 -> ラヴィーレ泉パークタウン朝日 | D34: ケアマネジャー | E34: 1 | F34: 2 | G34: 2 | H34: =F34 -> 2 | J34: {=IFERROR(IF(_xlfn.XLOOKUP(L34,NC導入施設!B:B,NC導入施設!E:E)=0,_xlfn.IFS(H34<=5,0,H34<=10,1,H34<=15,2,H34>=16,3),"Null"),"-")} -> 0 | L34: 1418431100
A35: 29 | B35: =B34 -> 東日本本部 | C35: =C34 -> ラヴィーレ泉パークタウン朝日 | D35: ナーススタッフ | E35: 2 | F35: 1 | G35: 0.5 | H35: =F35 -> 1 | J35: {=IFERROR(IF(_xlfn.XLOOKUP(L35,NC導入施設!B:B,NC導入施設!E:E)=0,_xlfn.IFS(H35<=5,0,H35<=10,1,H35<=15,2,H35>=16,3),"Null"),"-")} -> 0 | L35: 1418431100
A36: 30 | B36: =B35 -> 東日本本部 | C36: =C35 -> ラヴィーレ泉パークタウン朝日 | D36: ケアコンダクター | E36: 1 | F36: 0 | G36: 0 | H36: =F36 -> 0 | J36: {=IFERROR(IF(_xlfn.XLOOKUP(L36,NC導入施設!B:B,NC導入施設!E:E)=0,_xlfn.IFS(H36<=5,0,H36<=10,1,H36<=15,2,H36>=16,3),"Null"),"-")} -> 0 | L36: 1418431100
A37: 31 | B37: 東京本部 | C37: そんぽの家 柴又 | D37: ホーム長 | E37: 1 | F37: 2 | G37: 2 | H37: =F37 -> 2 | I37: {=IF(J37="-","-",_xlfn.IFS(K37<=5,0,K37<=10,1,K37<=15,2,K37>=16,3))} -> 3 | J37: {=IFERROR(IF(_xlfn.XLOOKUP(L37,NC導入施設!B:B,NC導入施設!E:E)=0,_xlfn.IFS(H37<=5,0,H37<=10,1,H37<=15,2,H37>=16,3),"Null"),"-")} -> 0 | K37: =IFERROR(SUM(H37:H41),"-") -> 65 | L37: 2311161100
A38: 32 | B38: =B37 -> 東京本部 | C38: =C37 -> そんぽの家 柴又 | D38: 副ホーム長 | E38: 1 | F38: 17 | G38: 17 | H38: =F38 -> 17 | J38: {=IFERROR(IF(_xlfn.XLOOKUP(L38,NC導入施設!B:B,NC導入施設!E:E)=0,_xlfn.IFS(H38<=5,0,H38<=10,1,H38<=15,2,H38>=16,3),"Null"),"-")} -> 3 | L38: 2311161100
A39: 33 | B39: =B38 -> 東京本部 | C39: =C38 -> そんぽの家 柴又 | D39: ケアマネジャー | E39: 2 | F39: 23 | G39: 11.5 | H39: =F39 -> 23 | J39: {=IFERROR(IF(_xlfn.XLOOKUP(L39,NC導入施設!B:B,NC導入施設!E:E)=0,_xlfn.IFS(H39<=5,0,H39<=10,1,H39<=15,2,H39>=16,3),"Null"),"-")} -> 3 | L39: 2311161100
A40: 34 | B40: =B39 -> 東京本部 | C40: =C39 -> そんぽの家 柴又 | D40: ナーススタッフ | E40: 3 | F40: 8 | G40: 2.7 | H40: =F40 -> 8 | J40: {=IFERROR(IF(_xlfn.XLOOKUP(L40,NC導入施設!B:B,NC導入施設!E:E)=0,_xlfn.IFS(H40<=5,0,H40<=10,1,H40<=15,2,H40>=16,3),"Null"),"-")} -> 1 | L40: 2311161100
A41: 35 | B41: =B40 -> 東京本部 | C41: =C40 -> そんぽの家 柴又 | D41: ケアコンダクター | E41: 1 | F41: 15 | G41: 15 | H41: =F41 -> 15 | J41: {=IFERROR(IF(_xlfn.XLOOKUP(L41,NC導入施設!B:B,NC導入施設!E:E)=0,_xlfn.IFS(H41<=5,0,H41<=10,1,H41<=15,2,H41>=16,3),"Null"),"-")} -> 2 | L41: 2311161100
A42: 36 | B42: 東京本部 | C42: ラヴィーレ一之江 | D42: ホーム長 | E42: 1 | F42: 2 | G42: 2 | H42: =F42 -> 2 | I42: {=IF(J42="-","-",_xlfn.IFS(K42<=5,0,K42<=10,1,K42<=15,2,K42>=16,3))} -> 3 | J42: {=IFERROR(IF(_xlfn.XLOOKUP(L42,NC導入施設!B:B,NC導入施設!E:E)=0,_xlfn.IFS(H42<=5,0,H42<=10,1,H42<=15,2,H42>=16,3),"Null"),"-")} -> 0 | K42: =IFERROR(SUM(H42:H46),"-") -> 54 | L42: 2311181100
A43: 37 | B43: =B42 -> 東京本部 | C43: =C42 -> ラヴィーレ一之江 | D43: 副ホーム長 | E43: 1 | F43: 9 | G43: 9 | H43: =F43 -> 9 | J43: {=IFERROR(IF(_xlfn.XLOOKUP(L43,NC導入施設!B:B,NC導入施設!E:E)=0,_xlfn.IFS(H43<=5,0,H43<=10,1,H43<=15,2,H43>=16,3),"Null"),"-")} -> 1 | L43: 2311181100
A44: 38 | B44: =B43 -> 東京本部 | C44: =C43 -> ラヴィーレ一之江 | D44: ケアマネジャー | E44: 2 | F44: 1 | G44: 0.5 | H44: =F44 -> 1 | J44: {=IFERROR(IF(_xlfn.XLOOKUP(L44,NC導入施設!B:B,NC導入施設!E:E)=0,_xlfn.IFS(H44<=5,0,H44<=10,1,H44<=15,2,H44>=16,3),"Null"),"-")} -> 0 | L44: 2311181100
A45: 39 | B45: =B44 -> 東京本部 | C45: =C44 -> ラヴィーレ一之江 | D45: ナーススタッフ | E45: 3 | F45: 41 | G45: 13.7 | H45: =F45 -> 41 | J45: {=IFERROR(IF(_xlfn.XLOOKUP(L45,NC導入施設!B:B,NC導入施設!E:E)=0,_xlfn.IFS(H45<=5,0,H45<=10,1,H45<=15,2,H45>=16,3),"Null"),"-")} -> 3 | L45: 2311181100
A46: 40 | B46: =B45 -> 東京本部 | C46: =C45 -> ラヴィーレ一之江 | D46: ケアコンダクター | E46: 2 | F46: 1 | G46: 0.5 | H46: =F46 -> 1 | J46: {=IFERROR(IF(_xlfn.XLOOKUP(L46,NC導入施設!B:B,NC導入施設!E:E)=0,_xlfn.IFS(H46<=5,0,H46<=10,1,H46<=15,2,H46>=16,3),"Null"),"-")} -> 0 | L46: 2311181100
A47: 41 | B47: 東京本部 | C47: ラヴィーレ船堀 | D47: ホーム長 | E47: 1 | F47: 0 | G47: 0 | H47: =F47 -> 0 | I47: {=IF(J47="-","-",_xlfn.IFS(K47<=5,0,K47<=10,1,K47<=15,2,K47>=16,3))} -> 3 | J47: {=IFERROR(IF(_xlfn.XLOOKUP(L47,NC導入施設!B:B,NC導入施設!E:E)=0,_xlfn.IFS(H47<=5,0,H47<=10,1,H47<=15,2,H47>=16,3),"Null"),"-")} -> 0 | K47: =IFERROR(SUM(H47:H51),"-") -> 21 | L47: 2311201100
A48: 42 | B48: =B47 -> 東京本部 | C48: =C47 -> ラヴィーレ船堀 | D48: 副ホーム長 | E48: 2 | F48: 3 | G48: 1.5 | H48: =F48 -> 3 | J48: {=IFERROR(IF(_xlfn.XLOOKUP(L48,NC導入施設!B:B,NC導入施設!E:E)=0,_xlfn.IFS(H48<=5,0,H48<=10,1,H48<=15,2,H48>=16,3),"Null"),"-")} -> 0 | L48: 2311201100
A49: 43 | B49: =B48 -> 東京本部 | C49: =C48 -> ラヴィーレ船堀 | D49: ケアマネジャー | E49: 3 | F49: 4 | G49: 1.3 | H49: =F49 -> 4 | J49: {=IFERROR(IF(_xlfn.XLOOKUP(L49,NC導入施設!B:B,NC導入施設!E:E)=0,_xlfn.IFS(H49<=5,0,H49<=10,1,H49<=15,2,H49>=16,3),"Null"),"-")} -> 0 | L49: 2311201100
A50: 44 | B50: =B49 -> 東京本部 | C50: =C49 -> ラヴィーレ船堀 | D50: ナーススタッフ | E50: 4 | F50: 0 | G50: 0 | H50: =F50 -> 0 | J50: {=IFERROR(IF(_xlfn.XLOOKUP(L50,NC導入施設!B:B,NC導入施設!E:E)=0,_xlfn.IFS(H50<=5,0,H50<=10,1,H50<=15,2,H50>=16,3),"Null"),"-")} -> 0 | L50: 2311201100
A51: 45 | B51: =B50 -> 東京本部 | C51: =C50 -> ラヴィーレ船堀 | D51: ケアコンダクター | E51: 2 | F51: 14 | G51: 7 | H51: =F51 -> 14 | J51: {=IFERROR(IF(_xlfn.XLOOKUP(L51,NC導入施設!B:B,NC導入施設!E:E)=0,_xlfn.IFS(H51<=5,0,H51<=10,1,H51<=15,2,H51>=16,3),"Null"),"-")} -> 2 | L51: 2311201100
A52: 46 | B52: 東京本部 | C52: そんぽの家 葛西 | D52: ホーム長 | E52: 1 | F52: 7 | G52: 7 | H52: =F52 -> 7 | I52: {=IF(J52="-","-",_xlfn.IFS(K52<=5,0,K52<=10,1,K52<=15,2,K52>=16,3))} -> 3 | J52: {=IFERROR(IF(_xlfn.XLOOKUP(L52,NC導入施設!B:B,NC導入施設!E:E)=0,_xlfn.IFS(H52<=5,0,H52<=10,1,H52<=15,2,H52>=16,3),"Null"),"-")} -> 1 | K52: =IFERROR(SUM(H52:H56),"-") -> 21 | L52: 2311221100
A53: 47 | B53: =B52 -> 東京本部 | C53: =C52 -> そんぽの家 葛西 | D53: 副ホーム長 | E53: 1 | F53: 1 | G53: 1 | H53: =F53 -> 1 | J53: {=IFERROR(IF(_xlfn.XLOOKUP(L53,NC導入施設!B:B,NC導入施設!E:E)=0,_xlfn.IFS(H53<=5,0,H53<=10,1,H53<=15,2,H53>=16,3),"Null"),"-")} -> 0 | L53: 2311221100
A54: 48 | B54: =B53 -> 東京本部 | C54: =C53 -> そんぽの家 葛西 | D54: ケアマネジャー | E54: 1 | F54: 13 | G54: 13 | H54: =F54 -> 13 | J54: {=IFERROR(IF(_xlfn.XLOOKUP(L54,NC導入施設!B:B,NC導入施設!E:E)=0,_xlfn.IFS(H54<=5,0,H54<=10,1,H54<=15,2,H54>=16,3),"Null"),"-")} -> 2 | L54: 2311221100
A55: 49 | B55: =B54 -> 東京本部 | C55: =C54 -> そんぽの家 葛西 | D55: ナーススタッフ | E55: 3 | F55: 0 | G55: 0 | H55: =F55 -> 0 | J55: {=IFERROR(IF(_xlfn.XLOOKUP(L55,NC導入施設!B:B,NC導入施設!E:E)=0,_xlfn.IFS(H55<=5,0,H55<=10,1,H55<=15,2,H55>=16,3),"Null"),"-")} -> 0 | L55: 2311221100
A56: 50 | B56: =B55 -> 東京本部 | C56: =C55 -> そんぽの家 葛西 | D56: ケアコンダクター | E56: 1 | F56: 0 | G56: 0 | H56: =F56 -> 0 | J56: {=IFERROR(IF(_xlfn.XLOOKUP(L56,NC導入施設!B:B,NC導入施設!E:E)=0,_xlfn.IFS(H56<=5,0,H56<=10,1,H56<=15,2,H56>=16,3),"Null"),"-")} -> 0 | L56: 2311221100
A57: 51 | B57: 東京本部 | C57: そんぽの家 錦糸町 | D57: ホーム長 | E57: 1 | F57: 0 | G57: 0 | H57: =F57 -> 0 | I57: {=IF(J57="-","-",_xlfn.IFS(K57<=5,0,K57<=10,1,K57<=15,2,K57>=16,3))} -> 0 | J57: {=IFERROR(IF(_xlfn.XLOOKUP(L57,NC導入施設!B:B,NC導入施設!E:E)=0,_xlfn.IFS(H57<=5,0,H57<=10,1,H57<=15,2,H57>=16,3),"Null"),"-")} -> 0 | K57: =IFERROR(SUM(H57:H61),"-") -> 2 | L57: 2311231100
A58: 52 | B58: =B57 -> 東京本部 | C58: =C57 -> そんぽの家 錦糸町 | D58: 副ホーム長 | E58: 1 | F58: 0 | G58: 0 | H58: =F58 -> 0 | J58: {=IFERROR(IF(_xlfn.XLOOKUP(L58,NC導入施設!B:B,NC導入施設!E:E)=0,_xlfn.IFS(H58<=5,0,H58<=10,1,H58<=15,2,H58>=16,3),"Null"),"-")} -> 0 | L58: 2311231100
A59: 53 | B59: =B58 -> 東京本部 | C59: =C58 -> そんぽの家 錦糸町 | D59: ケアマネジャー | E59: 2 | F59: 0 | G59: 0 | H59: =F59 -> 0 | J59: {=IFERROR(IF(_xlfn.XLOOKUP(L59,NC導入施設!B:B,NC導入施設!E:E)=0,_xlfn.IFS(H59<=5,0,H59<=10,1,H59<=15,2,H59>=16,3),"Null"),"-")} -> 0 | L59: 2311231100
A60: 54 | B60: =B59 -> 東京本部 | C60: =C59 -> そんぽの家 錦糸町 | D60: ナーススタッフ | E60: 3 | F60: 0 | G60: 0 | H60: =F60 -> 0 | J60: {=IFERROR(IF(_xlfn.XLOOKUP(L60,NC導入施設!B:B,NC導入施設!E:E)=0,_xlfn.IFS(H60<=5,0,H60<=10,1,H60<=15,2,H60>=16,3),"Null"),"-")} -> 0 | L60: 2311231100
A61: 55 | B61: =B60 -> 東京本部 | C61: =C60 -> そんぽの家 錦糸町 | D61: ケアコンダクター | E61: 2 | F61: 2 | G61: 1 | H61: =F61 -> 2 | J61: {=IFERROR(IF(_xlfn.XLOOKUP(L61,NC導入施設!B:B,NC導入施設!E:E)=0,_xlfn.IFS(H61<=5,0,H61<=10,1,H61<=15,2,H61>=16,3),"Null"),"-")} -> 0 | L61: 2311231100
A62: 56 | B62: 東京本部 | C62: そんぽの家 東砂 | D62: ホーム長 | E62: 1 | F62: 0 | G62: 0 | H62: =F62 -> 0 | I62: {=IF(J62="-","-",_xlfn.IFS(K62<=5,0,K62<=10,1,K62<=15,2,K62>=16,3))} -> 0 | J62: {=IFERROR(IF(_xlfn.XLOOKUP(L62,NC導入施設!B:B,NC導入施設!E:E)=0,_xlfn.IFS(H62<=5,0,H62<=10,1,H62<=15,2,H62>=16,3),"Null"),"-")} -> 0 | K62: =IFERROR(SUM(H62:H66),"-") -> 5 | L62: 2311281100
A63: 57 | B63: =B62 -> 東京本部 | C63: =C62 -> そんぽの家 東砂 | D63: 副ホーム長 | E63: 1 | F63: 1 | G63: 1 | H63: =F63 -> 1 | J63: {=IFERROR(IF(_xlfn.XLOOKUP(L63,NC導入施設!B:B,NC導入施設!E:E)=0,_xlfn.IFS(H63<=5,0,H63<=10,1,H63<=15,2,H63>=16,3),"Null"),"-")} -> 0 | L63: 2311281100
A64: 58 | B64: =B63 -> 東京本部 | C64: =C63 -> そんぽの家 東砂 | D64: ケアマネジャー | E64: 1 | F64: 0 | G64: 0 | H64: =F64 -> 0 | J64: {=IFERROR(IF(_xlfn.XLOOKUP(L64,NC導入施設!B:B,NC導入施設!E:E)=0,_xlfn.IFS(H64<=5,0,H64<=10,1,H64<=15,2,H64>=16,3),"Null"),"-")} -> 0 | L64: 2311281100
A65: 59 | B65: =B64 -> 東京本部 | C65: =C64 -> そんぽの家 東砂 | D65: ナーススタッフ | E65: 3 | F65: 3 | G65: 1 | H65: =F65 -> 3 | J65: {=IFERROR(IF(_xlfn.XLOOKUP(L65,NC導入施設!B:B,NC導入施設!E:E)=0,_xlfn.IFS(H65<=5,0,H65<=10,1,H65<=15,2,H65>=16,3),"Null"),"-")} -> 0 | L65: 2311281100
A66: 60 | B66: =B65 -> 東京本部 | C66: =C65 -> そんぽの家 東砂 | D66: ケアコンダクター | E66: 1 | F66: 1 | G66: 1 | H66: =F66 -> 1 | J66: {=IFERROR(IF(_xlfn.XLOOKUP(L66,NC導入施設!B:B,NC導入施設!E:E)=0,_xlfn.IFS(H66<=5,0,H66<=10,1,H66<=15,2,H66>=16,3),"Null"),"-")} -> 0 | L66: 2311281100
A67: 61 | B67: 東京本部 | C67: そんぽの家 竹ノ塚サンフラワー | D67: ホーム長 | E67: 1 | F67: 7 | G67: 7 | H67: =F67 -> 7 | I67: {=IF(J67="-","-",_xlfn.IFS(K67<=5,0,K67<=10,1,K67<=15,2,K67>=16,3))} -> 2 | J67: {=IFERROR(IF(_xlfn.XLOOKUP(L67,NC導入施設!B:B,NC導入施設!E:E)=0,_xlfn.IFS(H67<=5,0,H67<=10,1,H67<=15,2,H67>=16,3),"Null"),"-")} -> 1 | K67: =IFERROR(SUM(H67:H71),"-") -> 12 | L67: 2311361100
A68: 62 | B68: =B67 -> 東京本部 | C68: =C67 -> そんぽの家 竹ノ塚サンフラワー | D68: 副ホーム長 | E68: 1 | F68: 2 | G68: 2 | H68: =F68 -> 2 | J68: {=IFERROR(IF(_xlfn.XLOOKUP(L68,NC導入施設!B:B,NC導入施設!E:E)=0,_xlfn.IFS(H68<=5,0,H68<=10,1,H68<=15,2,H68>=16,3),"Null"),"-")} -> 0 | L68: 2311361100
A69: 63 | B69: =B68 -> 東京本部 | C69: =C68 -> そんぽの家 竹ノ塚サンフラワー | D69: ケアマネジャー | E69: 2 | F69: 1 | G69: 0.5 | H69: =F69 -> 1 | J69: {=IFERROR(IF(_xlfn.XLOOKUP(L69,NC導入施設!B:B,NC導入施設!E:E)=0,_xlfn.IFS(H69<=5,0,H69<=10,1,H69<=15,2,H69>=16,3),"Null"),"-")} -> 0 | L69: 2311361100
A70: 64 | B70: =B69 -> 東京本部 | C70: =C69 -> そんぽの家 竹ノ塚サンフラワー | D70: ナーススタッフ | E70: 2 | F70: 0 | G70: 0 | H70: =F70 -> 0 | J70: {=IFERROR(IF(_xlfn.XLOOKUP(L70,NC導入施設!B:B,NC導入施設!E:E)=0,_xlfn.IFS(H70<=5,0,H70<=10,1,H70<=15,2,H70>=16,3),"Null"),"-")} -> 0 | L70: 2311361100
A71: 65 | B71: =B70 -> 東京本部 | C71: =C70 -> そんぽの家 竹ノ塚サンフラワー | D71: ケアコンダクター | E71: 1 | F71: 2 | G71: 2 | H71: =F71 -> 2 | J71: {=IFERROR(IF(_xlfn.XLOOKUP(L71,NC導入施設!B:B,NC導入施設!E:E)=0,_xlfn.IFS(H71<=5,0,H71<=10,1,H71<=15,2,H71>=16,3),"Null"),"-")} -> 0 | L71: 2311361100
A72: 66 | B72: 東京本部 | C72: ラヴィーレ錦糸町 | D72: ホーム長 | E72: 1 | F72: 5 | G72: 5 | H72: =F72 -> 5 | I72: {=IF(J72="-","-",_xlfn.IFS(K72<=5,0,K72<=10,1,K72<=15,2,K72>=16,3))} -> 3 | J72: {=IFERROR(IF(_xlfn.XLOOKUP(L72,NC導入施設!B:B,NC導入施設!E:E)=0,_xlfn.IFS(H72<=5,0,H72<=10,1,H72<=15,2,H72>=16,3),"Null"),"-")} -> 0 | K72: =IFERROR(SUM(H72:H76),"-") -> 45 | L72: 2311431100
A73: 67 | B73: =B72 -> 東京本部 | C73: =C72 -> ラヴィーレ錦糸町 | D73: 副ホーム長 | E73: 1 | F73: 9 | G73: 9 | H73: =F73 -> 9 | J73: {=IFERROR(IF(_xlfn.XLOOKUP(L73,NC導入施設!B:B,NC導入施設!E:E)=0,_xlfn.IFS(H73<=5,0,H73<=10,1,H73<=15,2,H73>=16,3),"Null"),"-")} -> 1 | L73: 2311431100
A74: 68 | B74: =B73 -> 東京本部 | C74: =C73 -> ラヴィーレ錦糸町 | D74: ケアマネジャー | E74: 2 | F74: 23 | G74: 11.5 | H74: =F74 -> 23 | J74: {=IFERROR(IF(_xlfn.XLOOKUP(L74,NC導入施設!B:B,NC導入施設!E:E)=0,_xlfn.IFS(H74<=5,0,H74<=10,1,H74<=15,2,H74>=16,3),"Null"),"-")} -> 3 | L74: 2311431100
A75: 69 | B75: =B74 -> 東京本部 | C75: =C74 -> ラヴィーレ錦糸町 | D75: ナーススタッフ | E75: 11 | F75: 0 | G75: 0 | H75: =F75 -> 0 | J75: {=IFERROR(IF(_xlfn.XLOOKUP(L75,NC導入施設!B:B,NC導入施設!E:E)=0,_xlfn.IFS(H75<=5,0,H75<=10,1,H75<=15,2,H75>=16,3),"Null"),"-")} -> 0 | L75: 2311431100
A76: 70 | B76: =B75 -> 東京本部 | C76: =C75 -> ラヴィーレ錦糸町 | D76: ケアコンダクター | E76: 1 | F76: 8 | G76: 8 | H76: =F76 -> 8 | J76: {=IFERROR(IF(_xlfn.XLOOKUP(L76,NC導入施設!B:B,NC導入施設!E:E)=0,_xlfn.IFS(H76<=5,0,H76<=10,1,H76<=15,2,H76>=16,3),"Null"),"-")} -> 1 | L76: 2311431100
A77: 71 | B77: 東京本部 | C77: そんぽの家 隅田公園 | D77: ホーム長 | E77: 1 | F77: 1 | G77: 1 | H77: =F77 -> 1 | I77: {=IF(J77="-","-",_xlfn.IFS(K77<=5,0,K77<=10,1,K77<=15,2,K77>=16,3))} -> 3 | J77: {=IFERROR(IF(_xlfn.XLOOKUP(L77,NC導入施設!B:B,NC導入施設!E:E)=0,_xlfn.IFS(H77<=5,0,H77<=10,1,H77<=15,2,H77>=16,3),"Null"),"-")} -> 0 | K77: =IFERROR(SUM(H77:H81),"-") -> 39 | L77: 2311491100
A78: 72 | B78: =B77 -> 東京本部 | C78: =C77 -> そんぽの家 隅田公園 | D78: 副ホーム長 | E78: 3 | F78: 3 | G78: 1 | H78: =F78 -> 3 | J78: {=IFERROR(IF(_xlfn.XLOOKUP(L78,NC導入施設!B:B,NC導入施設!E:E)=0,_xlfn.IFS(H78<=5,0,H78<=10,1,H78<=15,2,H78>=16,3),"Null"),"-")} -> 0 | L78: 2311491100
A79: 73 | B79: =B78 -> 東京本部 | C79: =C78 -> そんぽの家 隅田公園 | D79: ケアマネジャー | E79: 3 | F79: 12 | G79: 4 | H79: =F79 -> 12 | J79: {=IFERROR(IF(_xlfn.XLOOKUP(L79,NC導入施設!B:B,NC導入施設!E:E)=0,_xlfn.IFS(H79<=5,0,H79<=10,1,H79<=15,2,H79>=16,3),"Null"),"-")} -> 2 | L79: 2311491100
A80: 74 | B80: =B79 -> 東京本部 | C80: =C79 -> そんぽの家 隅田公園 | D80: ナーススタッフ | E80: 5 | F80: 1 | G80: 0.2 | H80: =F80 -> 1 | J80: {=IFERROR(IF(_xlfn.XLOOKUP(L80,NC導入施設!B:B,NC導入施設!E:E)=0,_xlfn.IFS(H80<=5,0,H80<=10,1,H80<=15,2,H80>=16,3),"Null"),"-")} -> 0 | L80: 2311491100
A81: 75 | B81: =B80 -> 東京本部 | C81: =C80 -> そんぽの家 隅田公園 | D81: ケアコンダクター | E81: 4 | F81: 22 | G81: 5.5 | H81: =F81 -> 22 | J81: {=IFERROR(IF(_xlfn.XLOOKUP(L81,NC導入施設!B:B,NC導入施設!E:E)=0,_xlfn.IFS(H81<=5,0,H81<=10,1,H81<=15,2,H81>=16,3),"Null"),"-")} -> 3 | L81: 2311491100
A82: 76 | B82: 東京本部 | C82: ラヴィーレ羽田 | D82: ホーム長 | E82: 1 | F82: 0 | G82: 0 | H82: =F82 -> 0 | I82: {=IF(J82="-","-",_xlfn.IFS(K82<=5,0,K82<=10,1,K82<=15,2,K82>=16,3))} -> 3 | J82: {=IFERROR(IF(_xlfn.XLOOKUP(L82,NC導入施設!B:B,NC導入施設!E:E)=0,_xlfn.IFS(H82<=5,0,H82<=10,1,H82<=15,2,H82>=16,3),"Null"),"-")} -> 0 | K82: =IFERROR(SUM(H82:H86),"-") -> 45 | L82: 2311531100
A83: 77 | B83: =B82 -> 東京本部 | C83: =C82 -> ラヴィーレ羽田 | D83: 副ホーム長 | E83: 2 | F83: 16 | G83: 8 | H83: =F83 -> 16 | J83: {=IFERROR(IF(_xlfn.XLOOKUP(L83,NC導入施設!B:B,NC導入施設!E:E)=0,_xlfn.IFS(H83<=5,0,H83<=10,1,H83<=15,2,H83>=16,3),"Null"),"-")} -> 3 | L83: 2311531100
A84: 78 | B84: =B83 -> 東京本部 | C84: =C83 -> ラヴィーレ羽田 | D84: ケアマネジャー | E84: 2 | F84: 19 | G84: 9.5 | H84: =F84 -> 19 | J84: {=IFERROR(IF(_xlfn.XLOOKUP(L84,NC導入施設!B:B,NC導入施設!E:E)=0,_xlfn.IFS(H84<=5,0,H84<=10,1,H84<=15,2,H84>=16,3),"Null"),"-")} -> 3 | L84: 2311531100
A85: 79 | B85: =B84 -> 東京本部 | C85: =C84 -> ラヴィーレ羽田 | D85: ナーススタッフ | E85: 5 | F85: 0 | G85: 0 | H85: =F85 -> 0 | J85: {=IFERROR(IF(_xlfn.XLOOKUP(L85,NC導入施設!B:B,NC導入施設!E:E)=0,_xlfn.IFS(H85<=5,0,H85<=10,1,H85<=15,2,H85>=16,3),"Null"),"-")} -> 0 | L85: 2311531100
A86: 80 | B86: =B85 -> 東京本部 | C86: =C85 -> ラヴィーレ羽田 | D86: ケアコンダクター | E86: 2 | F86: 10 | G86: 5 | H86: =F86 -> 10 | J86: {=IFERROR(IF(_xlfn.XLOOKUP(L86,NC導入施設!B:B,NC導入施設!E:E)=0,_xlfn.IFS(H86<=5,0,H86<=10,1,H86<=15,2,H86>=16,3),"Null"),"-")} -> 1 | L86: 2311531100
A87: 81 | B87: 東京本部 | C87: そんぽの家 大鳥居 | D87: ホーム長 | E87: 1 | F87: 1 | G87: 1 | H87: =F87 -> 1 | I87: {=IF(J87="-","-",_xlfn.IFS(K87<=5,0,K87<=10,1,K87<=15,2,K87>=16,3))} -> 0 | J87: {=IFERROR(IF(_xlfn.XLOOKUP(L87,NC導入施設!B:B,NC導入施設!E:E)=0,_xlfn.IFS(H87<=5,0,H87<=10,1,H87<=15,2,H87>=16,3),"Null"),"-")} -> 0 | K87: =IFERROR(SUM(H87:H91),"-") -> 2 | L87: 2311551100
A88: 82 | B88: =B87 -> 東京本部 | C88: =C87 -> そんぽの家 大鳥居 | D88: 副ホーム長 | E88: 1 | F88: 1 | G88: 1 | H88: =F88 -> 1 | J88: {=IFERROR(IF(_xlfn.XLOOKUP(L88,NC導入施設!B:B,NC導入施設!E:E)=0,_xlfn.IFS(H88<=5,0,H88<=10,1,H88<=15,2,H88>=16,3),"Null"),"-")} -> 0 | L88: 2311551100
A89: 83 | B89: =B88 -> 東京本部 | C89: =C88 -> そんぽの家 大鳥居 | D89: ケアマネジャー | E89: 1 | F89: 0 | G89: 0 | H89: =F89 -> 0 | J89: {=IFERROR(IF(_xlfn.XLOOKUP(L89,NC導入施設!B:B,NC導入施設!E:E)=0,_xlfn.IFS(H89<=5,0,H89<=10,1,H89<=15,2,H89>=16,3),"Null"),"-")} -> 0 | L89: 2311551100
A90: 84 | B90: =B89 -> 東京本部 | C90: =C89 -> そんぽの家 大鳥居 | D90: ナーススタッフ | E90: 4 | F90: 0 | G90: 0 | H90: =F90 -> 0 | J90: {=IFERROR(IF(_xlfn.XLOOKUP(L90,NC導入施設!B:B,NC導入施設!E:E)=0,_xlfn.IFS(H90<=5,0,H90<=10,1,H90<=15,2,H90>=16,3),"Null"),"-")} -> 0 | L90: 2311551100
A91: 85 | B91: =B90 -> 東京本部 | C91: =C90 -> そんぽの家 大鳥居 | D91: ケアコンダクター | E91: 2 | F91: 0 | G91: 0 | H91: =F91 -> 0 | J91: {=IFERROR(IF(_xlfn.XLOOKUP(L91,NC導入施設!B:B,NC導入施設!E:E)=0,_xlfn.IFS(H91<=5,0,H91<=10,1,H91<=15,2,H91>=16,3),"Null"),"-")} -> 0 | L91: 2311551100
A92: 86 | B92: 東京本部 | C92: そんぽの家 東六郷 | D92: ホーム長 | E92: 1 | F92: 1 | G92: 1 | H92: =F92 -> 1 | I92: {=IF(J92="-","-",_xlfn.IFS(K92<=5,0,K92<=10,1,K92<=15,2,K92>=16,3))} -> 2 | J92: {=IFERROR(IF(_xlfn.XLOOKUP(L92,NC導入施設!B:B,NC導入施設!E:E)=0,_xlfn.IFS(H92<=5,0,H92<=10,1,H92<=15,2,H92>=16,3),"Null"),"-")} -> 0 | K92: =IFERROR(SUM(H92:H96),"-") -> 12 | L92: 2311661100
A93: 87 | B93: =B92 -> 東京本部 | C93: =C92 -> そんぽの家 東六郷 | D93: 副ホーム長 | E93: 1 | F93: 0 | G93: 0 | H93: =F93 -> 0 | J93: {=IFERROR(IF(_xlfn.XLOOKUP(L93,NC導入施設!B:B,NC導入施設!E:E)=0,_xlfn.IFS(H93<=5,0,H93<=10,1,H93<=15,2,H93>=16,3),"Null"),"-")} -> 0 | L93: 2311661100
A94: 88 | B94: =B93 -> 東京本部 | C94: =C93 -> そんぽの家 東六郷 | D94: ケアマネジャー | E94: 1 | F94: 11 | G94: 11 | H94: =F94 -> 11 | J94: {=IFERROR(IF(_xlfn.XLOOKUP(L94,NC導入施設!B:B,NC導入施設!E:E)=0,_xlfn.IFS(H94<=5,0,H94<=10,1,H94<=15,2,H94>=16,3),"Null"),"-")} -> 2 | L94: 2311661100
A95: 89 | B95: =B94 -> 東京本部 | C95: =C94 -> そんぽの家 東六郷 | D95: ナーススタッフ | E95: 3 | F95: 0 | G95: 0 | H95: =F95 -> 0 | J95: {=IFERROR(IF(_xlfn.XLOOKUP(L95,NC導入施設!B:B,NC導入施設!E:E)=0,_xlfn.IFS(H95<=5,0,H95<=10,1,H95<=15,2,H95>=16,3),"Null"),"-")} -> 0 | L95: 2311661100
A96: 90 | B96: =B95 -> 東京本部 | C96: =C95 -> そんぽの家 東六郷 | D96: ケアコンダクター | E96: 1 | F96: 0 | G96: 0 | H96: =F96 -> 0 | J96: {=IFERROR(IF(_xlfn.XLOOKUP(L96,NC導入施設!B:B,NC導入施設!E:E)=0,_xlfn.IFS(H96<=5,0,H96<=10,1,H96<=15,2,H96>=16,3),"Null"),"-")} -> 0 | L96: 2311661100
A97: 91 | B97: 東京本部 | C97: ラヴィーレ多摩川 | D97: ホーム長 | E97: 1 | F97: 0 | G97: 0 | H97: =F97 -> 0 | I97: {=IF(J97="-","-",_xlfn.IFS(K97<=5,0,K97<=10,1,K97<=15,2,K97>=16,3))} -> 3 | J97: {=IFERROR(IF(_xlfn.XLOOKUP(L97,NC導入施設!B:B,NC導入施設!E:E)=0,_xlfn.IFS(H97<=5,0,H97<=10,1,H97<=15,2,H97>=16,3),"Null"),"-")} -> 0 | K97: =IFERROR(SUM(H97:H101),"-") -> 18 | L97: 2311691100
A98: 92 | B98: =B97 -> 東京本部 | C98: =C97 -> ラヴィーレ多摩川 | D98: 副ホーム長 | E98: 2 | F98: 2 | G98: 1 | H98: =F98 -> 2 | J98: {=IFERROR(IF(_xlfn.XLOOKUP(L98,NC導入施設!B:B,NC導入施設!E:E)=0,_xlfn.IFS(H98<=5,0,H98<=10,1,H98<=15,2,H98>=16,3),"Null"),"-")} -> 0 | L98: 2311691100
A99: 93 | B99: =B98 -> 東京本部 | C99: =C98 -> ラヴィーレ多摩川 | D99: ケアマネジャー | E99: 2 | F99: 4 | G99: 2 | H99: =F99 -> 4 | J99: {=IFERROR(IF(_xlfn.XLOOKUP(L99,NC導入施設!B:B,NC導入施設!E:E)=0,_xlfn.IFS(H99<=5,0,H99<=10,1,H99<=15,2,H99>=16,3),"Null"),"-")} -> 0 | L99: 2311691100
A100: 94 | B100: =B99 -> 東京本部 | C100: =C99 -> ラヴィーレ多摩川 | D100: ナーススタッフ | E100: 5 | F100: 12 | G100: 2.4 | H100: =F100 -> 12 | J100: {=IFERROR(IF(_xlfn.XLOOKUP(L100,NC導入施設!B:B,NC導入施設!E:E)=0,_xlfn.IFS(H100<=5,0,H100<=10,1,H100<=15,2,H100>=16,3),"Null"),"-")} -> 2 | L100: 2311691100
...

Sheet ホーム合計
A1: 本部 | B1: 施設名 | C1: 合計 点数化
A2: 東日本本部 | B2: そんぽの家 苗穂 | C2: =_xlfn.XLOOKUP(B2,'職種別 (2種)'!C:C,'職種別 (2種)'!K:K) -> 6
A3: 東日本本部 | B3: ラヴィーレ真駒内 | C3: =_xlfn.XLOOKUP(B3,'職種別 (2種)'!C:C,'職種別 (2種)'!K:K) -> 6
A4: 東日本本部 | B4: ラヴィーレ白石南郷 | C4: =_xlfn.XLOOKUP(B4,'職種別 (2種)'!C:C,'職種別 (2種)'!K:K) -> 6
A5: 東日本本部 | B5: そんぽの家 仙台岩切 | C5: =_xlfn.XLOOKUP(B5,'職種別 (2種)'!C:C,'職種別 (2種)'!K:K) -> 6
A6: 東日本本部 | B6: ラヴィーレ仙台東 | C6: =_xlfn.XLOOKUP(B6,'職種別 (2種)'!C:C,'職種別 (2種)'!K:K) -> 4
A7: 東日本本部 | B7: ラヴィーレ泉パークタウン朝日 | C7: =_xlfn.XLOOKUP(B7,'職種別 (2種)'!C:C,'職種別 (2種)'!K:K) -> 10
A8: 東京本部 | B8: そんぽの家 柴又 | C8: =_xlfn.XLOOKUP(B8,'職種別 (2種)'!C:C,'職種別 (2種)'!K:K) -> 10
A9: 東京本部 | B9: ラヴィーレ一之江 | C9: =_xlfn.XLOOKUP(B9,'職種別 (2種)'!C:C,'職種別 (2種)'!K:K) -> 8
A10: 東京本部 | B10: ラヴィーレ船堀 | C10: =_xlfn.XLOOKUP(B10,'職種別 (2種)'!C:C,'職種別 (2種)'!K:K) -> 7
A11: 東京本部 | B11: そんぽの家 葛西 | C11: =_xlfn.XLOOKUP(B11,'職種別 (2種)'!C:C,'職種別 (2種)'!K:K) -> 4
A12: 東京本部 | B12: そんぽの家 錦糸町 | C12: =_xlfn.XLOOKUP(B12,'職種別 (2種)'!C:C,'職種別 (2種)'!K:K) -> 5
A13: 東京本部 | B13: そんぽの家 東砂 | C13: =_xlfn.XLOOKUP(B13,'職種別 (2種)'!C:C,'職種別 (2種)'!K:K) -> 3
... A291: 西日本第二本部 | B291: そんぽの家 清水麻生田 | C291: =_xlfn.XLOOKUP(B291,'職種別 (2種)'!C:C,'職種別 (2種)'!K:K) -> 6

Sheet NC導入施設
B1: facility_id | C1: granular_permissions | D1: granular_permissions_array
A2: 1 | B2: 3716691200 | C2: そんぽの家 なんば | D2: 3716691200 | G2: https://sompo.palantirfoundry.com/workspace/dataset/preview/ri.foundry.main.dataset.75349aea-6aa0-4e5e-a3b8-58023e0db66b/master
A3: =A2+1 -> 2 | B3: 2114001200 | C3: そんぽの家 大宮見沼 | D3: 2114001200
A4: =A3+1 -> 3 | B4: 3716701200 | C4: そんぽの家 鶴見緑地 | D4: 3716701200
A5: =A4+1 -> 4 | B5: 2311761100 | C5: そんぽの家 経堂 | D5: 2311761100
A6: =A5+1 -> 5 | B6: 2313141100 | C6: そんぽの家 八坂 | D6: 2313141100
A7: =A6+1 -> 6 | B7: 2114071200 | C7: そんぽの家 大宮 | D7: 2114071200
A8: =A7+1 -> 7 | B8: 3817101200 | C8: そんぽの家 伊丹荒牧 | D8: 3817101200
A9: =A8+1 -> 8 | B9: 4317381200 | C9: そんぽの家 岡山平田 | D9: 4317381200
A10: =A9+1 -> 9 | B10: 3716811200 | C10: そんぽの家 加島駅前 | D10: 3716811200
A11: =A10+1 -> 10 | B11: 3716891200 | C11: そんぽの家 北加賀屋 | D11: 3716891200
A12: =A11+1 -> 11 | B12: 2312551100 | C12: そんぽの家 高円寺 | D12: 2312551100
A13: =A12+1 -> 12 | B13: 3716771200 | C13: そんぽの家 住道 | D13: 3716771200
A14: =A13+1 -> 13 | B14: 2114131200 | C14: そんぽの家 越谷 | D14: 2114131200
... A277: =A276+1 -> 276 | B277: 2414991100 | C277: ＳＯＭＰＯケア ラヴィーレ川崎 | D277: 2414991100
